keyword,title,description,link,pub_date,sentiment,nouns
반도체,[부자들의 투자노트] 야누스 헨더슨 &quot;밸류에이션 무시하고 실적 주목해...,"현재 시장의 전망치들은 너무 낙관적입니다.] ◇ HSBC &quot;반도체 랠리 지속 여부, 유가·금리에 달려&quot; 마이크론의 깜짝 실적에 주춤했던 반도체주 랠리에는 다시 불이 붙었죠. 그렇다면 반도체주 랠리, 어디까지 갈 수... ",https://n.news.naver.com/mnews/article/374/0000518357?sid=104,"Fri, 26 Jun 2026 07:48:00 +0900",긍정,"부자들의, 투자노트, 야누스, 헨더슨, 밸류에이션"
반도체,"&quot;풀스택 역량 시너지&quot;…SKT, SK하이닉스 미국 AI 투자법인에 7383억 출자","그룹 계열사 간 공동 투자 협력 시스템 및 글로벌 거점 연동 구조, AI 데이터센터 풀스택 운영 역량 중심의 가치 창출망 결합이라는 이번 AI 반도체시장 고도화의 이면에는 SK그룹과 SK텔레콤이 다져온 선제적인... ",https://www.financialpost.co.kr/news/articleView.html?idxno=264020,"Fri, 26 Jun 2026 07:48:00 +0900",중립,"풀스택, 역량, 시너지, 하이닉스, 미국"
반도체,"KB &quot;LG이노텍, 광학 넘어 AI 반도체 기판으로…반도체주 동조화 기대&quot;","(AI) 반도체 기판 성장성을 근거로 투자의견 ‘매수’와 목표주가 200만원을 유지했다. 광학솔루션... AI 반도체 기판 가동률이 100%에 근접한 가운데 판가 상승이 이어지고, 광학솔루션 신제품 판매가격도... ",https://www.etoday.co.kr/news/view/2597435,"Fri, 26 Jun 2026 07:46:00 +0900",긍정,"이노텍, 광학, 넘어, 반도체, 기판으로"
반도체,강기정 광주시장 &quot;앰코 1조 투자 확정…정부 20조 약속 이행하라&quot;,반도체 후공정 분야에서 세계적인 경쟁력을 보유한 기업인 앰코테크놀로지가 광주에 1조 원 규모의 투자를... 대기업 반도체 공장 유치를 위해 정부의 파격적인 보조금 지원이 필요하다고 강조했습니다. 특히 정부가... ,https://kjmbc.co.kr/NewsArticle/1524823,"Fri, 26 Jun 2026 07:45:00 +0900",중립,"강기정, 광주시장, 앰코, 투자, 확정"
반도체,"LG이노텍, 실적 서프라이즈 시작된다…200만원 전망-KB",김동원 KB증권 리서치본부장은 이날 보고서에서 “현재 인공지능(AI) 기판은 메모리 반도체 사이클과 동행하고 있다”며 “향후 반도체 주가와 동조화가 본격화될 경우 LG이노텍은 성장주로 재평가될 가능성이... ,https://n.news.naver.com/mnews/article/018/0006315211?sid=101,"Fri, 26 Jun 2026 07:45:00 +0900",긍정,"이노텍, 실적, 서프라이즈, 시작된다, 만원"
반도체,국지적 호재 속 거래 절벽 지속…하락세 지속,◀ 앵 커 ▶ 반도체 투자에 대한 기대감이 높아지면서 일부 우리 지역에서는 청약 경쟁률이 치솟고... ◀ 리포트 ▶ 반도체 투자로 들썩이고 있는 광주 첨단3지구 아파트 건설 현장입니다. 최근 분양에 나선 한 아파트의... ,https://kjmbc.co.kr/NewsArticle/1524822,"Fri, 26 Jun 2026 07:45:00 +0900",중립,"국지적, 호재, 거래, 절벽, 지속"
반도체,2026_6_26 오늘의 주요뉴스,광주·전남에 수 백조 원 규모의 대기업 반도체 클러스터 투자가 가시화되면서 인재와 인프라를 갖춘 최적의 입지가 어디가 될지 관심이 집중되고 있습니다. 반도체 후공정 분야에서 세계적인 경쟁력을 보유한 기업인... ,https://kjmbc.co.kr/NewsArticle/1524819,"Fri, 26 Jun 2026 07:45:00 +0900",중립,"오늘의, 주요뉴스, 광주, 전남에, 백조"
반도체,수백조 반도체 투자 현실로… 핵심은 '인재가 살고 싶은 곳',◀ 앵 커 ▶ 통합을 앞둔 광주전남에 대기업 반도체 공장이 들어선다는 대형 호재가 점차 사실로 다가오고... ◀ 리포트 ▶ 삼성전자와 SK하이닉스 등이 전남광주통합특별시에 초대형 반도체 기지를 짓는 방안을 검토하고... ,https://kjmbc.co.kr/NewsArticle/1524821,"Fri, 26 Jun 2026 07:45:00 +0900",긍정,"수백조, 반도체, 투자, 현실로, 핵심은"
반도체,"[오늘의 투자전략] 코스피, 급반등 후 차익실현 압력 전망⋯반도체 쏠림...",마이크론발 반도체 랠리에도 인공지능(AI) 투자 비용 부담과 주도주 쏠림 현상이 맞물리며 장중 수급... 전날 미국 증시는 5월 개인소비지출(PCE) 물가 안도감과 마이크론 어닝 서프라이즈에 따른 반도체주 랠리에도... ,https://www.etoday.co.kr/news/view/2597434,"Fri, 26 Jun 2026 07:44:00 +0900",중립,"오늘의, 투자전략, 코스피, 급반등, 차익실현"
반도체,기술주 약세에 뉴욕증시 혼조…나스닥 0.5%↓,장 초반에는 인공지능(AI) 반도체 수요 기대감에 상승 흐름을 보였으나 대형 기술주 약세가 이어지며... AI 데이터센터 투자 확대에 따른 메모리 반도체 수요 증가 기대가 주가를 끌어올렸다. 반면 애플은 메모리 등... ,http://www.smedaily.co.kr/news/articleView.html?idxno=359329,"Fri, 26 Jun 2026 07:44:00 +0900",긍정,"기술주, 약세에, 뉴욕증시, 혼조, 나스닥"
반도체,배당금 25배 늘린 엔비디아…100주 보유하면 얼마나 받을까,"미치지만, 배당 지급을 하루 앞두고 주가는 프리마켓에서 1.2% 상승했다. 매체는 주주환원 확대 기대와 함께 마이크론(MU)의 사상 최대 분기 실적에 힘입은 글로벌 반도체주 강세가 투자심리를 끌어올렸다고 분석했다.",http://coinreaders.com/244592,"Fri, 26 Jun 2026 07:44:00 +0900",긍정,"배당금, 늘린, 엔비디아, 보유하면, 얼마나"
반도체,[3분증시] 마이크론 급등·애플 하락…뉴욕증시 혼조 마감,"반도체 기업 마이크론 테크놀로지의 호실적에도 불구하고, 가격 인상 여파로 급락한 애플 등 대형... 반도체를 사들이는 대형 기술주에는 비용 부담 우려가 커졌습니다. 마이크로소프트도 Xbox 콘솔 가격 인상을... ",https://n.news.naver.com/mnews/article/422/0000878654?sid=101,"Fri, 26 Jun 2026 07:44:00 +0900",부정,"분증시, 마이크론, 급등, 애플, 하락"
반도체,李대통령 &quot;전략산업 다극화 필수…충청·영호남 등으로 확대해야&quot;,이 대통령의 이런 언급은 삼성전자와 SK하이닉스가 호남과 충청 등 지방 반도체 클러스터 조성 관련 세부... 앞서 김용범 청와대 정책실장도 전날 관훈클럽 초청 토론회에서 호남과 충청 등에 대한 제2 반도체 클러스터 조성... ,https://www.kbsm.net/news/view.php?idx=524510,"Fri, 26 Jun 2026 07:44:00 +0900",긍정,"대통령, 전략산업, 다극화, 필수, 충청"
반도체,"[오늘의 증시]美마이크론 16% 급등…코스피, 9000 재돌파할까",26일 국내 증시는 전일 코스피 5.42% 급등에 따른 차익실현 매물 출회 가능성과 미국 반도체 업종 강세가 맞물리며 방향성을 탐색할 전망이다. 단기적으로는 지수 숨 고르기 가능성이 거론되지만 반도체를... ,https://n.news.naver.com/mnews/article/003/0014029348?sid=101,"Fri, 26 Jun 2026 07:43:00 +0900",긍정,"오늘의, 증시, 마이크론, 급등, 코스피"
반도체,퀄컴 ‘HBC’ 변수… 엔비디아·韓 메모리 동맹 흔드는 승부수,HBC는 메모리와 연산기를 하나로 결합해 맞춤형 주문형 반도체(ASIC) 시장을 공략하기에 유용한 구조를... HBM 독점 프리미엄은 점진적 분화… 시차별 영향 분석 투자자 관점에서 이번 이슈가 국내 반도체 기업들에... ,https://www.g-enews.com/view.php?ud=202606260725458756fbbec65dfb_1,"Fri, 26 Jun 2026 07:42:00 +0900",중립,"퀄컴, 변수, 엔비디아, 메모리, 동맹"
반도체,엔비디아보다 뒤처져도 낙관론…월가가 인텔 다시 본 이유,"이는 AI 인프라 확대에 따라 인텔이 미국 반도체 파운드리 생태계에서 역할을 더욱 강화할 것이라는 분석이다. 다만 슈나이더는 경쟁사인 AMD, 엔비디아, 브로드컴이 매출 가시성이 더 높고 2030년 예상... ",http://coinreaders.com/244591,"Fri, 26 Jun 2026 07:42:00 +0900",긍정,"엔비디아보다, 뒤처져도, 낙관론, 월가가, 인텔"
반도체,&lt;김삼기의 시사펀치&gt; G7은 왜 희토류를 겨냥했나,"전기차와 배터리, 반도체와 풍력발전, 인공지능 서버와 미사일 유도장치까지 이들 광물이 들어가지 않는 첨단 제품을 찾기 어려울 정도다. AI 혁명을 이야기하면서 AI를 움직이는 서버와 반도체, 배터리를 만드는 데 필요한... ",https://www.ilyosisa.co.kr/news/article.html?no=256596,"Fri, 26 Jun 2026 07:42:00 +0900",중립,"김삼기의, 시사펀치, 희토류를, 겨냥했나, 전기차와"
반도체,반도체주가 빅테크 잡아먹을까…통계가 보여준 미래는 [마켓무버의 국장...,"반도체 기업 마이크론은 15.74%, 샌디스크는 21.97% 올랐지만 애플은 6.12%, 마이크로소프트는 3.46... 공급자인 메모리반도체 기업의 대단할 실적이, 반도체를 사서 제품과 서비스를 만들어내는 다른 기업들, 즉 수요자들에겐... ",https://n.news.naver.com/mnews/article/215/0001256641?sid=101,"Fri, 26 Jun 2026 07:41:00 +0900",긍정,"반도체주가, 빅테크, 잡아먹을까, 통계가, 보여준"
반도체,"“집단 식중독이라도 걸렸나” “90분 동안 뭘 본 건가”, 충격의 한국...",장동혁(국민의힘 대표)은 “반도체를 줄 테니 정청래를 떨어뜨려 달라는 것”이라고 주장했다. 한동훈(무소속 의원)은 “반도체 공장 입지를 명청 대전 전당대회용 총알로 쓰면 안 된다”고 주장했다. 이재명은... ,https://slownews.kr/162232,"Fri, 26 Jun 2026 07:40:00 +0900",중립,"집단, 식중독이라도, 걸렸나, 동안, 건가"
반도체,"[심층분석] 삼성물산, 제2의 SK스퀘어 등극… 삼성전자 폭등에 반사이익...","최근 SK하이닉스가 인공지능(AI) 반도체 호황으로 시가총액이 불어나자, SK스퀘어 몸집도 같이 커졌다. 업계에서는 같은 호재를 누려 주가가 급등한 삼성전자와 삼성그룹 내에서 SK스퀘어의 역할을 하는 회사는... ",https://www.mediawatch.kr/news/article.html?no=260194,"Fri, 26 Jun 2026 07:40:00 +0900",긍정,"심층분석, 삼성물산, 스퀘어, 등극, 삼성전자"
SI,"[더벨]그래비티운용, '보코 서울 명동' 클로징…첫 자산 매각 성공","올해 1월 진행된 입찰에는 캐피탈랜드를 비롯해 블랙스톤, ARA자산운용, 이지스자산운용, SI자산운용, 페블스톤자산운용 등이 참여했다. 이후 캐피탈랜드투자운용이 우선협상대상자로 선정됐고 지난 5월 매매계약... ",https://www.thebell.co.kr/free/content/ArticleView.asp?key=202606191646545720107314,"Fri, 26 Jun 2026 07:48:00 +0900",중립,"더벨, 그래비티운용, 보코, 서울, 명동"
SI,"넥써쓰, 원스토어 인수 이해상충 없을까",이들은 원스토어 지분을 넥써쓰에 매각한 뒤 넥써쓰 신주를 인수하는 방식으로 전략적투자자(SI) 지위를 이어갈 방침이다. 넥써쓰의 원스토어 인수 목적은 핵심 사업 간 시너지 창출 및 미래 성장동력 확보다.... ,https://news.dealsitetv.com/articles/172300,"Fri, 26 Jun 2026 07:02:00 +0900",긍정,"넥써쓰, 원스토어, 인수, 이해상충, 없을까"
SI,&quot;로봇 열어보면 일본산&quot;...일할 사람 없는 日 '피지컬 AI'로 채운다,"원자재·소재를 공급하는 업스트림, 감속기·서보모터 등 핵심부품을 만드는 미드스트림, 완성품 조립과 SI... 서비스 로봇용 SI 영역과 휴머노이드 분야에서는 미국·중국에 비해 경쟁력이 뒤처진다는 평가를 받지만... ",https://n.news.naver.com/mnews/article/008/0005377475?sid=101,"Fri, 26 Jun 2026 07:00:00 +0900",중립,"로봇, 열어보면, 일본산, 일할, 사람"
SI,La Corte Suprema da más poder a Trump en su cruzada contra la migración,"de si ya tienen órdenes de deportación pendientes. En muchos casos, los beneficiarios del TPS... asesinados si se les obligara a regresar a Siria o a Haití. Durante los argumentos orales... ",https://www.nytimes.com/es/2026/06/25/espanol/estados-unidos/suprema-corte-tps-trump-migracion.html?partner=naver,"Fri, 26 Jun 2026 06:54:00 +0900",중립,
SI,"[STO 시대]④한투證, STO 인프라 구축 본격화…디지털자산 보폭 확대","단순 재무적 투자(FI)가 아니라, 향후 제도권 금융과 가상자산 시장을 연결하기 위한 전략적 투자(SI)라는 게 회사 측 설명이다. 이번 투자는 가상자산 시장 진입을 넘어 디지털 금융 인프라를 선점하기 위한 포석으로... ",https://n.news.naver.com/mnews/article/421/0009024713?sid=101,"Fri, 26 Jun 2026 06:25:00 +0900",긍정,"시대, 한투, 인프라, 구축, 본격화"
SI,Los visitantes miran el estanque reflectante y discrepan sobre lo que ven,"El agua ya no tiene el color de un green de golf, pero de qué color era exactamente, qué podrían significar los distintos matices, si había grietas en el fondo de la cuenca, cuánto fue el... ",https://www.nytimes.com/es/2026/06/25/espanol/estados-unidos/estanque-reflectante-washington-polemica.html?partner=naver,"Fri, 26 Jun 2026 06:10:00 +0900",중립,
SI,韓 메모리 패권 겨눈 美·日 ‘HBM 대항마’ 기술 연구 진전… ZAM 개발에...,"발표 주제는 ‘고대역 3D 메모리를 위한 9층 다중 웨이퍼, 3㎛ 초박형 실리콘, 퓨전 본딩 기반 비아-인-원 구조’(Multiple-Wafer (9-layer), Extreme thin (3µm-Si per stack) and Innovative Fusion-bonded Via-in-one Architecture for High... ",https://n.news.naver.com/mnews/article/366/0001174527?sid=105,"Fri, 26 Jun 2026 06:01:00 +0900",중립,"메모리, 패권, 겨눈, 대항마, 기술"
SI,"En la calle y en internet, los venezolanos buscan desesperadamente a sus ...","Si alguien vive allí, es un milagro”. Julie Turkewitz colaboró con reportería desde Bogotá. Frances Robles es una reportera del Times que cubre América Latina y el Caribe. Lleva más de 25... ",https://www.nytimes.com/es/2026/06/25/espanol/america-latina/terremoto-venezela-desaparecidos-busqueda.html?partner=naver,"Fri, 26 Jun 2026 05:34:00 +0900",중립,
SI,Europa se está calentando más rápido que los otros continentes. ¿Por ...,"Sin embargo, aún no está claro si los cambios climáticos provocados por el ser humano están haciendo que estos patrones sean más persistentes o más frecuentes. En la ola de calor de 2003... ",https://www.nytimes.com/es/2026/06/25/espanol/tiempo-y-clima/europa-ola-de-calor-record.html?partner=naver,"Fri, 26 Jun 2026 04:16:00 +0900",중립,
SI,Cómo ayudar a los damnificados de los terremotos en Venezuela,también te permite consultar su base de datos para averiguar si una organización cumple los requisitos para recibir donaciones deducibles de impuestos. Y si sospechas que una organización o... ,https://www.nytimes.com/es/2026/06/25/espanol/america-latina/como-ayudar.html?partner=naver,"Fri, 26 Jun 2026 03:36:00 +0900",중립,
SI,누가 이재명 대통령 곁을 떠나는 핵심 지지층인가?,"According to Rhyu Si-min's argument, the first group to abandon President Lee is the so-called &quot;Group B... Therefore, it is clear that the core support base Kim Ou-joon speaks of (supporters of Kim Ou-joon, Rhyu Si-min, and... ",http://www.breaknews.com/1217015,"Thu, 25 Jun 2026 19:54:00 +0900",중립,"누가, 대통령, 곁을, 떠나는, 핵심"
SI,&quot;다크 팩토리 수출 시대 열자&quot;···장영재 교수 '통큰' 제안 과기·경제...,"[사진=김지영 기자]&quot;우리나라는 독일과 중국에 견줄 만한 제조 IT, 로봇, 자동화 설비 시스템통합(SI) 역량을... 소프트웨어와 로봇, 시스템통합(SI)을 결합한 한국형 다크팩토리 패키지를 개발해 공장 전체를 하나의 거대한... ",http://www.hellodd.com/news/articleView.html?idxno=112252,"Thu, 25 Jun 2026 19:40:00 +0900",중립,"다크, 팩토리, 수출, 시대, 열자"
SI,[단독] SK텔레콤도 美 ‘AI 컴퍼니’에 4억8000만달러 출자… SK그룹 반도...,"AI 컴퍼니의 투자 방향도 단순 재무적 투자(FI)보다는 기술 협력과 사업 연계를 전제로 한 전략적 투자(SI)에 무게가 실릴 것으로 보인다. SK하이닉스의 AI 반도체 경쟁력, SK이노베이션의 전력·에너지 인프라... ",https://n.news.naver.com/mnews/article/366/0001174499?sid=105,"Thu, 25 Jun 2026 18:40:00 +0900",중립,"단독, 텔레콤도, 컴퍼니, 만달러, 출자"
SI,"La derecha triunfó en Colombia, con un poco de ayuda de Trump","El lunes, Moreno, tras reunirse con De la Espriella, pareció ofrecerle un aliciente: si Petro se portaba bien durante las próximas semanas y no interfería en la transición pacífica del poder... ",https://www.nytimes.com/es/2026/06/25/espanol/america-latina/colombia-eleccion-de-la-espriella-trump.html?partner=naver,"Thu, 25 Jun 2026 18:06:00 +0900",중립,
SI,"일본, ‘양보다 질’로… 고부가가치 관광 중심 전략 본격화","첫째, 호텔 IT·DX 솔루션 분야로, 구조적 인력난 속에서 디지털 전환 수요가 빠르게 확대되고 있어 현지 SI 업체와의 파트너십을 통한 진입이 현실적이다. 둘째, 프리미엄 뷰티·웰니스 제품 분야로, K-뷰티의 트렌드... ",http://dream.kotra.or.kr/kotranews/cms/news/actionKotraBoardDetail.do?SITE_NO=3&MENU_ID=180&CONTENTS_NO=1&bbsGbn=243&bbsSn=243&pNttSn=241613,"Thu, 25 Jun 2026 17:41:00 +0900",긍정,"일본, 양보다, 고부가가치, 관광, 중심"
SI,¿El ejercicio intenso hace que se dispare mi cortisol?,"Todas estas respuestas serían esenciales si, por ejemplo, te estuvieran persiguiendo y tuvieras... Incluso si tienes estrés crónico o ansiedad, es probable que tus niveles de cortisol aumenten... ",https://www.nytimes.com/es/2026/06/25/espanol/ejercicio-intenso-cortisol.html?partner=naver,"Thu, 25 Jun 2026 17:38:00 +0900",중립,
SI,"레몬헬스케어, IPO 일반청약 경쟁률 1511대 1…증거금 3.8兆","대표 서비스인 ‘청구의신(건강의신)’을 비롯해 상급종합병원 중심의 스마트병원 솔루션(LDB-H), 중소병원 대상의 레몬케어플러스, 실손24 및 공공SI 사업(LDB-E) 등이 주요 서비스다. 공모자금은 플랫폼의 인지도... ",https://n.news.naver.com/mnews/article/015/0005302859?sid=101,"Thu, 25 Jun 2026 17:16:00 +0900",중립,"레몬헬스케어, 일반청약, 경쟁률, 증거금, 대표"
SI,"클로봇, 두산로지스틱스솔루션 인수 배경..AI 물류시장 재편·인원 변동...",자동창고와 컨베이어·셔틀 시스템·물류 소프트웨어(WMS·WCS)·물류 시스템통합(SI) 사업을 더하면 시너지 창출이 수월해질 전망이다. 클로봇은 AI 기반 토털 물류자동화 기업으로 사업 구조를 확대한다는 방침이다.... ,https://kpenews.com/View.aspx?No=4126056,"Thu, 25 Jun 2026 17:10:00 +0900",긍정,"클로봇, 두산로지스틱스솔루션, 인수, 배경, 물류시장"
SI,"Donde los multimillonarios veranean, trabajadores migrantes enfrentan frí...","como si alguien hubiera apartado la lona de plástico para entrar en la tienda. “¿Eres tú?... Tenía las manos apretadas contra el pecho, como si intentara aferrarse al último atisbo de... ",https://www.nytimes.com/es/2026/06/25/espanol/estados-unidos/muerte-guatemala-camay-hamptons.html?partner=naver,"Thu, 25 Jun 2026 17:02:00 +0900",중립,
SI,화성코스메틱 매각 순항… 숏리스트 3~4곳 선정,지난달 예비입찰에서는 국내외 재무적투자자(FI)와 전략적투자자(SI) 등 5~6곳이 인수의향서(LOI)를 제출하며 흥행에 청신호가 켜진 바 있다. 매각 대상은 어펄마캐피탈매니져스코리아가 특수목적법인(SPC)... ,https://n.news.naver.com/mnews/article/366/0001174455?sid=101,"Thu, 25 Jun 2026 17:01:00 +0900",중립,"화성코스메틱, 매각, 순항, 숏리스트, 선정"
보험,호르무즈서 화물선 피격…美 “이란이 공격”,"또한 이란 정부가 호르무즈 해협 통항을 관리하기 위해 설립한 페르시아만해협청(PGSA)도 엑스(X·옛 트위터)에 “우리가 지정한 구역을 벗어난 항로를 통항할 경우 안전 통항을 보장할 수 없으며, 보험 적용 및 관련 배상... ",https://www.kukinews.com/article/view/kuk202606260015,"Fri, 26 Jun 2026 07:48:00 +0900",중립,"호르무즈서, 화물선, 피격, 이란이, 공격"
보험,"&quot;신원하게 달리세요&quot;...진주시, 금산 송백지구 자전거도로 개통",정 국장은 &quot;지난 2011년부터 전 시민을 대상으로 자전거 보험을 운영하고 있다&quot;면서 &quot;별도의 가입 절차 없이 진주 시민이면 누구나 자동으로 혜택을 받을 수 있도록 안전망을 구축했다&quot;고 말했다. 정봉호 국장은 &quot;이번 송백... ,https://n.news.naver.com/mnews/article/002/0002446290?sid=102,"Fri, 26 Jun 2026 07:48:00 +0900",중립,"신원하게, 달리세요, 진주시, 금산, 송백지구"
보험,"공정위, 한화그룹 상표권 거래 현장조사…브랜드 사용료 적정성 들여다...",한화손해보험 등 주요 계열사를 대상으로 현장조사를 진행 중인 것으로 알려졌다. 조사는 약 일주일가량... 업계에서는 금융계열사인 한화생명과 한화손해보험이 과거 브랜드 사용료와 관련해 금융당국으로부터 경영유의... ,https://www.news2day.co.kr/article/20260625500167,"Fri, 26 Jun 2026 07:48:00 +0900",중립,"공정위, 한화그룹, 상표권, 거래, 현장조사"
보험,"[머니픽] 한화생명, 동남아 금융사업 '박차'…베트남·인니 성장축으로...",한화생명은 보험을 바탕으로 은행·증권업으로 확장한 현지화 전략이 성과로 이어지며 해외 사업의 수익 기여도가 높아지고 있다. 보험 업계에서는  두 나라가 한화생명의 중장기 성장축으로 자리매김할 것으로... ,http://www.hansbiz.co.kr/news/articleView.html?idxno=846404,"Fri, 26 Jun 2026 07:48:00 +0900",긍정,"머니픽, 한화생명, 동남아, 금융사업, 박차"
보험,"&quot;치과 문턱 낮춘다&quot;…심평원, 초고령사회 방문진료 수가 논의 본격화",▲ 건강보험심사평가원 홍승권 원장이 25일 대한치과의사협회 대강당에서 열린 '방문치과진료 수가 체계... 건강보험심사평가원은 25일 대한노년치의학회와 대한치과의사협회 치과의료정책연구원이 연 '방문치과진료 수가... ,https://www.ccdailynews.com/news/articleView.html?idxno=2424328,"Fri, 26 Jun 2026 07:48:00 +0900",중립,"치과, 문턱, 낮춘다, 심평원, 초고령사회"
보험,호르무즈 긴장 재고조... 호르무즈 통과 화물선 피격에 철수작전 중단,"또 이란 정부가 호르무즈 해협 통항을 관리하기 위해 설립한 페르시아만해협청(PGSA)도 엑스(X·옛 트위터)에 &quot;우리가 지정한 구역을 벗어난 항로를 통항할 경우 안전 통항을 보장할 수 없으며, 보험 적용 및 관련 배상... ",https://www.getnews.co.kr/news/articleView.html?idxno=873356,"Fri, 26 Jun 2026 07:42:00 +0900",중립,"호르무즈, 긴장, 재고조, 호르무즈, 통과"
보험,2027년도 의원급 수가 1.6% 인상 확정…환산지수 0.9%·상대가치 0.7% 반영,"제12차 건강보험정책심의위원회 전경, 사진=보건복지부 2027년도 의원급 요양급여비용 환산지수 인상률이... 보건복지부는 25일 제12차 건강보험정책심의위원회를 개최하고, 지난 5월 국민건강보험공단과의 협상이... ",https://www.medigatenews.com/news/1584456939,"Fri, 26 Jun 2026 07:40:00 +0900",중립,"년도, 의원급, 수가, 인상, 확정"
보험,"“집단 식중독이라도 걸렸나” “90분 동안 뭘 본 건가”, 충격의 한국...",독일은 예술인 사회보험을 도입해 국가가 20%의 보험료를 지원한다. 아일랜드는 2000명의 예술인을 추첨으로 선발해 주 325유로의 기본소득을 지원한다. 한국은? 상대적 빈곤 규모가 일반 노동자의 3배다. 최민영(경향신문... ,https://slownews.kr/162232,"Fri, 26 Jun 2026 07:40:00 +0900",중립,"집단, 식중독이라도, 걸렸나, 동안, 건가"
보험,25년만에 건보수가 대개편…지역·필수의료 연 3조6천억 투입,건강보험 재정을 투입하는 등 건보수가 대개편에 나선다.컴퓨터단층촬영(CT)·자기공명영상장치(MRI) 촬영 등은 반대로 수가를 낮춰 연 2조6000억원을 절감할 계획이다. 보건복지부는 25일 건강보험정책심의위원회를... ,https://www.kbsm.net/news/view.php?idx=524511,"Fri, 26 Jun 2026 07:40:00 +0900",중립,"년만에, 건보수가, 대개편, 지역, 필수의료"
보험,"[심층분석] 삼성물산, 제2의 SK스퀘어 등극… 삼성전자 폭등에 반사이익...","삼성생명은 보험사 특성상 자산운용 규제를 받아 삼성전자 지분을 자유롭게 활용하기 어렵다. 반면 삼성물산은 삼성전자와 삼성생명, 삼성바이오로직스 등 핵심 계열사 지분을 동시에 보유한 사실상의 지주사에... ",https://www.mediawatch.kr/news/article.html?no=260194,"Fri, 26 Jun 2026 07:40:00 +0900",중립,"심층분석, 삼성물산, 스퀘어, 등극, 삼성전자"
보험,한의협 “한의 보장성 강화정책 즉각 추진하라”,"협회 서만선 부회장, 송인선 보험이사, 김영수 보험이사 등 3인은 이날 오전 8시 건강보험정책심위원회가 열리는 건강보험심사평가원 전문가자문회의장 앞과 인근에서 각각 1인 시위를 통해 보건복지부의 취사 선택식... ",https://www.ekn.kr/web/view.php?key=20260626020236700,"Fri, 26 Jun 2026 07:38:00 +0900",중립,"한의협, 한의, 보장성, 강화정책, 즉각"
보험,"[권형필 변호사의 판결일지] 아파트 공용 하수관 역류 사고, 입대의 책...",원고들은 입대의가 공용부분인 하수 배관을 적절히 관리하지 못한 과실이 있다고 주장하며 손해배상을 청구했고 보험회사에 대해서도 직접청구권을 행사했다. 법원의 판단에서 가장 주목할 부분은 입대의를 민법... ,http://www.aptn.co.kr/news/articleView.html?idxno=112258,"Fri, 26 Jun 2026 07:38:00 +0900",중립,"권형필, 변호사의, 판결일지, 아파트, 공용"
보험,이란 &quot;구역 벗어나면 안전보장 못해&quot;,"이란 정부가 호르무즈 해협 통항을 관리하기 위해 설립한 페르시아만해협청(PGSA)은 25일(현지시간) 엑스(X)에 &quot;우리가 지정한 구역을 벗어난 항로를 통항할 경우 안전 통항을 보장할 수 없으며, 보험 적용 및 관련 배상... ",https://n.news.naver.com/mnews/article/374/0000518355?sid=104,"Fri, 26 Jun 2026 07:38:00 +0900",중립,"이란, 구역, 벗어나면, 안전보장, 못해"
보험,"경기도, 건강보험 미적용 외국인 ‘의료서비스’ 제공 기반 마련",경기도청사 전경 의정부=김준구 기자 경기도가 건강보험 적용을 받지 못해 의료서비스 이용이 어려운 미등록... 건강보험이 적용되지 않는 외국인에게 병원 이용은 현실적으로 큰 부담이다. 국제수가 적용으로 진료비가... ,https://n.news.naver.com/mnews/article/021/0002800460?sid=102,"Fri, 26 Jun 2026 07:36:00 +0900",긍정,"경기도, 건강보험, 미적용, 외국인, 의료서비스"
보험,건강보험 수가 대수술‥'필수의료' 지원 확대,◀ 앵커 ▶ CT나 MRI 검사에 대한 건강보험 보상이 앞으로는 줄어듭니다. 지역이나 필수 의료에 지원을 늘리는 방향으로 '건강보험 수가체계'를 정부가 전면 개편하기로 했기 때문입니다. 이문현 기자입니다. ◀ 리포트... ,https://n.news.naver.com/mnews/article/214/0001507910?sid=102,"Fri, 26 Jun 2026 07:33:00 +0900",긍정,"건강보험, 수가, 대수술, 필수의료, 지원"
보험,"“국산 신약 글로벌 성공, 후보물질보다 완주 역량이 관건”","기존의 기술성 중심 평가에서 벗어나 목표 환자군, 미충족 의료수요, 경쟁약 대비 차별성, 임상적 가치, 허가 가능성, 보험 및 약가 수용성 등을 종합적으로 고려하는 시장·환자 중심 평가체계를 구축해야 한다는 것이다.... ",http://www.whosaeng.com/sub_read.html?uid=171631&section=sc1,"Fri, 26 Jun 2026 07:32:00 +0900",중립,"국산, 신약, 성공, 후보물질보다, 완주"
보험,호르무즈 선박 또 피격…IMO &quot;철수 작전 일시 중단&quot;,"없다&quot;며 &quot;보험·배상 책임 대상에서도 제외된다&quot;고 밝혔다. 이어 &quot;미승인 항로를 이용해 발생하는 모든 결과에 대한 책임은 전적으로 선주와 선박 운영사, 선장에게 있다&quot;고 경고했다. 다만, 이란 당국은 피격 선박에... ",https://n.news.naver.com/mnews/article/469/0000938716?sid=104,"Fri, 26 Jun 2026 07:31:00 +0900",부정,"호르무즈, 선박, 피격, 철수, 작전"
보험,호르무즈 해협 또 긴장…오만 인근 화물선 공격받았다,"이란 정부 산하 페르시아만해협청(PGSA) 역시 엑스(X·옛 트위터)를 통해 &quot;우리가 지정한 구역을 벗어난 항로를 통항할 경우 안전 통항을 보장할 수 없으며, 보험 적용 및 관련 배상 책임 대상에서도 제외된다&quot;고 발표했다.... ",https://n.news.naver.com/mnews/article/088/0001016353?sid=104,"Fri, 26 Jun 2026 07:31:00 +0900",중립,"호르무즈, 해협, 긴장, 오만, 인근"
보험,[와글와글 플러스] &quot;청각장애 직원에 전화 응대를?&quot; 논란,"과거 간호사였던 A씨는 청각장애가 생긴 뒤, 보험심사관리사 자격증을 취득해 경기도 소재의 한 병원에서 보험심사 청구 업무를 해왔는데요. 문제는 직원이 육아휴직을 마치고 돌아오면서부터 생겼습니다. 복귀한 A씨에게... ",https://n.news.naver.com/mnews/article/214/0001507907?sid=102,"Fri, 26 Jun 2026 07:30:00 +0900",중립,"와글와글, 플러스, 청각장애, 직원에, 전화"
보험,&quot;생산적 금융으로 전환&quot;…은행 흔드는 'RWA 민주화',"금융당국은 이번 조치로 은행·보험권에 최대 98조 7000억원의 추가 자금 공급 여력이 생길 것으로 보고 있다. 5대 은행지주의 CET1이 운영 리스크 합리화로 최대 0.26%포인트, 구조적 외환포지션 확대로 최대 0.12%포인트 등... ",https://weekly.hankooki.com/news/articleView.html?idxno=7170409,"Fri, 26 Jun 2026 07:30:00 +0900",긍정,"생산적, 금융으로, 전환, 은행, 흔드는"
클라우드컴퓨팅,[시큐리티핫이슈] 첨단 AI 모델 기반 상업용 보안 서비스 확산,"ㆍ베스핀글로벌, 클라우드 보안 업체 위즈와 협력 ㆍ아이티센글로벌, 글로벌 양자기술 기업 'BTQ'와 양자보안 사업 제휴 ㆍ스패로우, MCP 기반 AI 생성 코드 보안 어시스턴트 출시 ㆍKT, 양자컴퓨팅 대응 E2E 퀀텀... ",https://www.digitaltoday.co.kr/news/articleView.html?idxno=678464,"Fri, 26 Jun 2026 07:30:00 +0900",중립,"시큐리티핫이슈, 첨단, 모델, 기반, 상업용"
클라우드컴퓨팅,[더벨][VC x 스타트업 동행] &quot;온디바이스 AI 미래 확신&quot;…더벤처스·아웃...,그는 수년간 음성 AI를 연구하며 클라우드 AI의 구조적 한계를 직접 경험했어요. 온디바이스 AI가 클라우드... AI 모델 개발에는 상당한 수준의 컴퓨팅 자원과 데이터 확보 비용이 필요한 만큼 정부 R&amp;D 자금 연계가 중요한... ,https://www.thebell.co.kr/free/content/ArticleView.asp?key=202606232319104480106221,"Fri, 26 Jun 2026 07:02:00 +0900",중립,"더벨, 스타트업, 동행, 온디바이스, 미래"
클라우드컴퓨팅,메모리 ‘슈퍼사이클’ 언제까지?…“AI 투자 성패에 달렸다”,"아이폰의 등장을 시작으로 스마트폰 보급이 시작된 2000년대 말과, 클라우드 컴퓨팅 시대를 맞아 데이터센터 규모가 커진 2016년, 메모리 수요가 크게 늘었고, 가격이 치솟았습니다. 그리고 지난해 말부터 AI발... ",https://n.news.naver.com/mnews/article/056/0012206567?sid=101,"Fri, 26 Jun 2026 06:39:00 +0900",중립,"메모리, 슈퍼사이클, 언제까지, 투자, 성패에"
클라우드컴퓨팅,[6월25일] &quot;모델이 하네스를 먹어 치울 것&quot;...구글이 본 AI 경쟁의 다음...,"안티그래비티는 단순한 코딩 에이전트나 개발자 도구가 아니라, 검색과 '제미나이', 클라우드 등 구글의... 메타는 AI 안경을 차세대 컴퓨팅 플랫폼으로 육성한다는 계획입니다. ■ NC AI, '바르코 3D 2.0' 공개…&quot;3D 생성 AI... ",https://www.aitimes.com/news/articleView.html?idxno=212092,"Fri, 26 Jun 2026 06:26:00 +0900",중립,"모델이, 하네스를, 먹어, 치울, 구글이"
클라우드컴퓨팅,"아마존, 인도에 ‘130억 달러’ 추가 베팅… 2030년까지 총 480억 달러 인...",글로벌 이커머스 및 클라우드 컴퓨팅 시장의 절대 강자인 미국 아마존(Amazon)이 인도 영토를 무대로 인공지능(AI)과 인프라 자본을 무차별적으로 흡수하는 초대형 투자 작전을 감행했다. 글로벌 기술 패권 경쟁의... ,https://www.g-enews.com/view.php?ud=2026062600094270360c8c1c064d_1,"Fri, 26 Jun 2026 06:26:00 +0900",중립,"아마존, 인도에, 달러, 추가, 베팅"
클라우드컴퓨팅,거품론에 직격탄 날린 마이크론…다음 타자는 삼성·SK[글로벌 모닝 브...,"고대역폭메모리(HBM)를 포함한 클라우드 메모리 부문 매출은 137억 7000만 달러를 기록했으며, 메로트라... 7나노(7옹스트롬) 반도체 기술을 공개하며 양자컴퓨팅 시대의 토대를 다졌습니다. IBM은 25일(현지 시간) 해당... ",https://n.news.naver.com/mnews/article/011/0004635144?sid=104,"Fri, 26 Jun 2026 06:06:00 +0900",중립,"거품론에, 직격탄, 날린, 마이크론, 다음"
클라우드컴퓨팅,"IBM, 1나노 이하 반도체 기술 공개…손톱 크기에 트랜지스터 1000억개 집...","생성형 인공지능(AI), 클라우드 인프라 등 분야에서 연산 성능을 끌어올릴 수 있는 기반이 될 것으로 전망된다. 제이 감베타 IBM 리서치 총괄사장은 &quot;이번 기술은 나노미터 단위를 넘어 원자 규모로 확장되는 컴퓨팅의... ",https://n.news.naver.com/mnews/article/138/0002232143?sid=105,"Fri, 26 Jun 2026 05:39:00 +0900",중립,"나노, 이하, 반도체, 기술, 공개"
클라우드컴퓨팅,"암(Arm), 하이퍼스케일 AI 데이터센터 시장 점유율 50% 돌파… 인텔·AMD...","소프트뱅크가 지원하는 글로벌 칩 설계의 거두 암(Arm)이 하이퍼스케일 클라우드 컴퓨팅 시장의 과반을 장악하며, 인텔과 AMD가 수십 년간 지배해 온 서버용 반도체 시장의 지형도를 완전히 재정렬했다. 인공지능... ",https://www.g-enews.com/view.php?ud=2026062518552525330c8c1c064d_1,"Fri, 26 Jun 2026 05:30:00 +0900",긍정,"하이퍼스케일, 데이터센터, 시장, 점유율, 돌파"
클라우드컴퓨팅,'엔비디아' 젠슨황 방한과 한국 AI생태계[투데이窓/박영선],"우선 이를 위해 먼저 한국형 AI 컴퓨팅 스택 구축이 필요하다. 현재 AI 생태계의 진입장벽은 칩보다... 반도체, 메모리, 인터커넥트, 클라우드, 개발도구, AI 모델, 에이전트 플랫폼까지 연결해야 한다는 의미다. 향후 AI... ",https://n.news.naver.com/mnews/article/008/0005377421?sid=110,"Fri, 26 Jun 2026 04:03:00 +0900",중립,"엔비디아, 젠슨황, 방한과, 한국, 생태계"
클라우드컴퓨팅,앤스로픽 “알리바바가 클로드 불법 접속”,알리바바는 전자상거래와 클라우드 컴퓨팅을 비롯해 중국 기술산업 전반에서 영향력이 큰 기업이다. 알리바바는 이번 주 미국 법원에 미국 국방부의 중국군 연계 기업 블랙리스트에서 자사를 제외해줄 것을 요청했다.... ,https://www.g-enews.com/view.php?ud=2026062520513682949a1f309431_1,"Fri, 26 Jun 2026 04:00:00 +0900",중립,"앤스로픽, 알리바바가, 클로드, 불법, 접속"
클라우드컴퓨팅,[GAM] 세레브라스 ① 데뷔 실적서 마진 경고에 IPO 이후 최저가,실적 발표 콘퍼런스콜에서 회사 측은 오픈AI의 클라우드 수요가 신규 서버 증설 속도보다 빠르게 늘고... 세레브라스는 지난해 12월 24일 오픈AI와 향후 수년간 200억 달러 이상 규모의 컴퓨팅 자원 구매 계약을... ,https://www.newspim.com/news/view/20260626000017,"Fri, 26 Jun 2026 02:19:00 +0900",중립,"세레브라스, 데뷔, 실적서, 마진, 경고에"
클라우드컴퓨팅,[미국 특징주] &quot;아마존·MS 클라우드도 EU 빅테크 '게이트키퍼' 규제 대...,유럽연합(EU) 반독점 규제당국이 아마존(종목코드: AMZN)과 마이크로소프트(MSFT)의 클라우드 컴퓨팅 서비스를 빅테크 규제의 핵심인 '게이트키퍼'로 지정해야 한다고 밝혔다. 이는 두 기업에 시장 지배력 억제를... ,https://www.newspim.com/news/view/20260626000016,"Fri, 26 Jun 2026 02:15:00 +0900",중립,"미국, 특징주, 아마존, 클라우드도, 빅테크"
클라우드컴퓨팅,"IBM, 1나노 이하 칩 기술 공개…&quot;차세대 컴퓨팅 시대 개막 기반 갖췄다&quot;","이는 생성형 인공지능(AI), 클라우드 인프라, 차세대 전자기기 등 다양한 분야에서 연산 성능을 크게 높일... IBM은 1960년대 초기 반도체 개발부터 컴퓨팅 시스템을 구동하는 칩 기술을 선도해 왔으며, 세계 최초의... ",https://www.it-b.co.kr/news/articleView.html?idxno=88832,"Thu, 25 Jun 2026 22:48:00 +0900",중립,"나노, 이하, 기술, 공개, 차세대"
클라우드컴퓨팅,"아마존, 인도에 74조원 추가 투자…AI·클라우드·물류 총력전으로 'AI 초...",특히 인도의 대표적인 클라우드 허브인 뭄바이와 하이데라바드 지역에 새로운 서버 시설과 AI 컴퓨팅 자원을 구축한다. 생성형 AI 경쟁이 심화되면서 기업들은 막대한 연산 자원을 필요로 하고 있다. 이에 따라 AWS는... ,https://www.aitimes.kr/news/articleView.html?idxno=40688,"Thu, 25 Jun 2026 22:46:00 +0900",중립,"아마존, 인도에, 조원, 추가, 투자"
클라우드컴퓨팅,"런팟, 1억달러 투자 유치","오데일리에 따르면 클라우드 컴퓨팅 스타트업 런팟이 1억달러 규모의 투자를 유치했다. 런팟은 여러 건의 인수 제안을 거절했다고 밝혔으며, 구체적인 투자자 정보는 공개하지 않았다. 런팟은 개발자를 대상으로 지피유... ",https://www.tokenpost.kr/news/breaking/372765,"Thu, 25 Jun 2026 22:32:00 +0900",중립,"런팟, 억달러, 투자, 유치, 오데일리에"
클라우드컴퓨팅,메모리 ‘슈퍼사이클’ 언제까지?…“AI 투자 성패에 달렸다”,"아이폰의 등장을 시작으로 스마트폰 보급이 시작된 2000년대 말과, 클라우드 컴퓨팅 시대를 맞아 데이터센터 규모가 커진 2016년, 메모리 수요가 크게 늘었고, 가격이 치솟았습니다. 그리고 지난해 말부터 AI발... ",https://n.news.naver.com/mnews/article/056/0012206493?sid=101,"Thu, 25 Jun 2026 21:48:00 +0900",중립,"메모리, 슈퍼사이클, 언제까지, 투자, 성패에"
클라우드컴퓨팅,뉴욕증시 개장 전 특징주…마이크론·퀄컴 급등에 반도체주 랠리,IBM은 해당 기술이 생성형 AI와 클라우드 인프라 등 고성능 컴퓨팅 분야에서 큰 성능 향상을 제공할 것이라고 설명했다. ◆ 웬디스(WEN) 웬디스는 7% 넘게 올랐다. 전날 25% 넘게 급등한 데 이어 개인 투자자들의... ,https://www.newspim.com/news/view/20260625001189,"Thu, 25 Jun 2026 21:29:00 +0900",긍정,"뉴욕증시, 개장, 특징주, 마이크론, 퀄컴"
클라우드컴퓨팅,마이크론·퀄컴·샌디스크 등 'AI 반도체 훈풍'에 개장 전 폭등,"회사 측은 &quot;이 차세대 칩이 생성형 AI와 클라우드 인프라를 포함한 고성능 컴퓨팅(HPC) 애플리케이션의 처리 능력을 획기적으로 향상시킬 것&quot;이라고 강조했다. 한편, 기술주 중심의 상승세 속에서 패스트푸드 체인... ",https://www.g-enews.com/view.php?ud=20260625205646289e250e8e188_1,"Thu, 25 Jun 2026 21:02:00 +0900",긍정,"마이크론, 퀄컴, 샌디스크, 반도체, 훈풍"
클라우드컴퓨팅,"IBM, 세계 최초 1나노미터 이하 칩 기술 공개","이에 따라 생성형 AI, 클라우드 인프라, 차세대 전자기기 등 다양한 분야에서 연산 성능을 크게 높일 수... 차세대 컴퓨팅 시대를 위한 기반을 마련할 것&quot;이라고 말했다. IBM이 개발한 나노스택은 3차원 나노시트에... ",https://www.thelec.kr/news/articleView.html?idxno=58656,"Thu, 25 Jun 2026 19:44:00 +0900",중립,"세계, 최초, 나노미터, 이하, 기술"
클라우드컴퓨팅,"IBM, '1나노 벽' 무너뜨렸다…3차원 '나노스택'으로 차세대 반도체 판도...","반도체는 컴퓨팅, 가전, 통신기기, 운송 시스템, 핵심 인프라 등 다양한 분야에서 핵심적인 역할을... 이는 생성형 인공지능(AI), 클라우드 인프라, 차세대 전자기기 등 다양한 분야에서 연산 성능을 크게 높일 수 있는... ",https://www.aitimes.kr/news/articleView.html?idxno=40685,"Thu, 25 Jun 2026 19:34:00 +0900",중립,"나노, 무너뜨렸다, 차원, 나노스택, 으로"
은행,"농협은행, ESG 추진위 개최…녹색여신 확대·전환금융 체계 구죽",NH농협은행은 24일 서울 중구 본사에서 ESG 실행력 강화를 위한 '2026년 제1차 ESG추진위원회'를 개최했다고 25일 밝혔다. /NH농협은행 제공 | 서울=한스경제 이성노 기자 | NH농협은행이 올 하반기에 녹색여신을 확대하고... ,http://www.hansbiz.co.kr/news/articleView.html?idxno=846481,"Fri, 26 Jun 2026 07:48:00 +0900",긍정,"농협은행, 추진위, 개최, 녹색여신, 확대"
은행,"[머니픽] 한화생명, 동남아 금융사업 '박차'…베트남·인니 성장축으로...",한화생명은 보험을 바탕으로 은행·증권업으로 확장한 현지화 전략이 성과로 이어지며 해외 사업의... 이 같은 결과는 인도네시아 노부은행과 미국 벨로시티 클리어링 등의 해외 종속법인 실적이 올해부터 연결... ,http://www.hansbiz.co.kr/news/articleView.html?idxno=846404,"Fri, 26 Jun 2026 07:48:00 +0900",긍정,"머니픽, 한화생명, 동남아, 금융사업, 박차"
은행,"케이뱅크, 중소법인 여신 시스템 구축...기업금융 확대 가속",인터넷은행 최초로 신용·담보·보증대출 풀라인업을 구축하며 개인사업자(SOHO)를 중심으로 기업금융 경쟁력을 제고했던 케이뱅크는 중소법인(SME) 금융 확대를 위한 기반 구축에 나섰다. 은행권에 따르면... ,http://www.hansbiz.co.kr/news/articleView.html?idxno=846396,"Fri, 26 Jun 2026 07:48:00 +0900",긍정,"케이뱅크, 중소법인, 여신, 시스템, 구축"
은행,"리가켐바이오, 첨단전략산업기금 선정...5천억원 투자 받아","산업은행이 1650억원 규모, 50% 비중으로 참여한다. 최대주주인 팬오리온이 825억원, 제3의 금융투자자가 825억원으로 참여한다. 전환사채 역시 동일한 비중으로 인수가 진행된다. 산업은행 850억원, 팬오리온 425억원... ",https://www.smarttoday.co.kr/ko-kr/articles/108820,"Fri, 26 Jun 2026 07:48:00 +0900",긍정,"리가켐바이오, 첨단전략산업기금, 선정, 천억원, 투자"
은행,"美서클, 일본 기업 대상 스테이블코인 외화 결제 추진","스테이블코인은 달러 등 법정화폐 가치와 연동되는 디지털 자산으로, 은행을 통한 국제 송금보다 빠르고... 은행 등 금융기관도 주요 수요처로 꼽힌다. 일본 금융기관들은 일본 국채를 담보로 달러를 조달하는 거래를... ",https://n.news.naver.com/mnews/article/015/0005303046?sid=104,"Fri, 26 Jun 2026 07:46:00 +0900",중립,"서클, 일본, 기업, 대상, 스테이블코인"
은행,소지섭 맞아?…'김부장' 속 젖은 수트×삐뚤어진 안경 비주얼,"소지섭은 평범한 중소저축은행 직원이지만, 실상은 수많은 특수 작전에 투입된 비밀 요원 김부장 역을 맡았다. 평범한 아버지의 모습과 숨겨진 본능을 오가는 연기로 극의 중심을 이끈다. 공개된 스틸에는 김부장이 굵은... ",https://m.entertain.naver.com/article/408/0000312902,"Fri, 26 Jun 2026 07:45:00 +0900",중립,"소지섭, 맞아, 김부장, 젖은, 수트"
은행,&quot;1조달러 아니면 안 해&quot; 오픈AI IPO 내년으로 연기 검토,(사진= AFP) 뉴욕타임스(NYT)는 25일(현지시간) 오픈AI 내부 논의에 정통한 소식통 3명은 인용해 샘 올트먼 오픈AI 최고경영자(CEO가 최근 투자은행 및 법률자문사에 1조달러의 기업가치를 인정받을 수 있는 상장 방안을... ,https://n.news.naver.com/mnews/article/018/0006315210?sid=101,"Fri, 26 Jun 2026 07:45:00 +0900",중립,"조달러, 아니면, 오픈, 내년으로, 연기"
은행,‘김부장’ 오늘 첫 방송,소지섭은 중소저축은행 직원으로 살아가지만 수많은 특수 작전에 투입된 과거를 숨긴 채 살아온 김부장 역을 맡아 극을 이끈다. 공개된 장면에는 딸 민지(서수민)의 행방을 쫓던 김부장이 빗속에서 결정적인 단서를... ,https://www.bntnews.co.kr/article/view/bnt202606260022,"Fri, 26 Jun 2026 07:42:00 +0900",중립,"김부장, 오늘, 방송, 소지섭은, 중소저축은행"
은행,[브라질 증시] 브라질 물가 둔화에 이보베스파 0.87% 상승…은행주·발레...,"중앙은행 목표 상단을 웃돌고 있고, 포커스(Focus) 설문에서도 이러한 수준이 올해 하반기 내내 유지될 것으로 예상된다&quot;고 말했다. 브라질 트레이더들 [사진=블룸버그] ◆ 은행주·발레 강세…브라스켐 10... ",https://www.newspim.com/news/view/20260626000042,"Fri, 26 Jun 2026 07:42:00 +0900",긍정,"브라질, 증시, 브라질, 물가, 둔화에"
은행,"[DQN] 이호성號 하나은행, 5대 은행 유일 기술대출 '감소'···기업은행...",생산적 금융 강화 기조 속에서 은행권 기술신용대출이 다시 늘어나는 흐름을 보이고 있지만 은행별 온도차는 뚜렷했다. IBK기업은행은 중소기업대출 대비 기술신용대출 비중이 50%를 넘어설 만큼 적극적인 모습을... ,http://www.fntimes.com/html/view.php?ud=202606251908048588b4a7c6999c_18,"Fri, 26 Jun 2026 07:42:00 +0900",중립,"이호성, 하나은행, 은행, 유일, 기술대출"
은행,3G 26득점 화끈한 타격쇼! 24년 우승 외인도 감탄했다 “우승했을 때 분...,네일은 지난 25일 서울 고척스카이돔에서 열린 ‘2026 신한은행 SOL Bank KBO리그’ 키움과의 경기에 선발등판해 7이닝 2피안타 8탈삼진 무실점 승리를 기록했다. 네일이 키움 타선을 무실점으로 틀어막는 사이 KIA... ,https://m.sports.naver.com/kbaseball/article/109/0005560828,"Fri, 26 Jun 2026 07:41:00 +0900",중립,"득점, 화끈한, 타격쇼, 우승, 외인도"
은행,"소지섭, '광장' 이후 또다시 액션에 도전 '김부장'",소지섭은 상생저축은행 회계팀에서 일하며 딸 김민지(서수민)를 홀로 키운 김부장 역을 맡았다. 그는 &quot;액션 드라마를 또 하고싶어서 이 작품의 대본을 받아 보았다. '김부장' 안에 담긴 서사와 딸을 홀로 키우고 딸을... ,https://www.mediafine.co.kr/news/articleView.html?idxno=81869,"Fri, 26 Jun 2026 07:40:00 +0900",중립,"소지섭, 광장, 또다시, 액션에, 도전"
은행,"오픈AI, IPO 내년 이후로 미룰 가능성…&quot;1조달러 밸류 고수 속 속도 조절...","보도에 따르면 오픈AI는 당초 올해 3~4분기 IPO를 추진하는 방안을 검토하며 투자은행 및 법률 자문단을 구성했으나, 최근 들어 계획을 다시 조정하는 분위기다. 회사는 비공개 상장을 준비 중이며 최대 1조 달러(약 1.... ",https://www.newspim.com/news/view/20260626000041,"Fri, 26 Jun 2026 07:40:00 +0900",긍정,"오픈, 내년, 이후로, 미룰, 가능성"
은행,KIA 도무지 질 것 같지가 않다! 31억 에이스도 느낀다 &quot;2024년 우승했을...,"&quot;우리가 우승했을 때의 분위기다&quot; KIA 타이거즈 제임스 네일은 25일 서울 고척스카이돔에서 열린 2026 신한은행 SOL Bank KBO리그 키움 히어로즈와 팀 간 시즌 9차전 원정 맞대결에 선발 등판해 7이닝 동안 투구수 92구, 2피안타... ",https://m.sports.naver.com/kbaseball/article/477/0000615474,"Fri, 26 Jun 2026 07:38:00 +0900",중립,"도무지, 같지가, 않다, 에이스도, 느낀다"
은행,"소지섭, &quot;불의를 참던 김부장&quot;…빗속에서 드러난 다크 포스","극 중 소지섭이 맡은 김부장은 중소저축은행에서 근무하는 부장으로 살아가지만, 사실 수없이 많은 특수 작전에 파견됐던, 존재 자체가 드러나선 안 되는 시한폭탄 같은 인물이라는 설정이다. 이 인물의 숨겨진 이면은 딸... ",https://www.topstarnews.net/news/articleView.html?idxno=16112581,"Fri, 26 Jun 2026 07:38:00 +0900",중립,"소지섭, 불의를, 참던, 김부장, 빗속에서"
은행,"달러, 1년 만에 최고 월간 상승률 눈앞…월가 &quot;강세 흐름 돌아왔다&quot;","월가 주요 은행들이 미국 통화의 흐름이 다시 바뀌고 있다며 달러 강세 전망에 힘을 싣고 있다. 26일 블룸버그에 따르면 JP모건체이스, 뱅크오브아메리카, 골드만삭스 등 주요 은행 전략가들은 케빈 워시 연방준비제도... ",https://www.ebn.co.kr/news/articleView.html?idxno=1713987,"Fri, 26 Jun 2026 07:38:00 +0900",긍정,"달러, 만에, 최고, 월간, 상승률"
은행,하나증권 &quot;태양광 연계 ESS 설치 5개월 연속 증가…LG엔솔·삼성SDI 수혜...,동시에 유럽산업가속화법(IAA)과 유럽투자은행(EIB)의 정책을 통해 중국산 공급망 의존도를 낮추고 비중국산 ESS 사용을 확대하고 있다. 하나증권은 이 같은 정책이 유럽 ESS 시장 확대와 함께 한국 배터리... ,https://www.etoday.co.kr/news/view/2597433,"Fri, 26 Jun 2026 07:38:00 +0900",긍정,"하나증권, 태양광, 연계, 설치, 개월"
은행,'꼬꼬무' 명재현 &quot;노력해서 번 돈 아니면 의미 없어&quot;…페이스 오프 횡령...,"결혼을 앞둔 한 회사원이 돌연 잠적한 뒤 회사 자금 47억 원을 빼돌린 사실이 드러났고, 그는 이틀 동안 은행 17곳을 돌며 33억6000만 원의 현금을 인출해 도주했다. 이를 들은 이민우는 &quot;나도 사기를 당해서 피해자의... ",https://www.slist.kr/news/articleView.html?idxno=747749,"Fri, 26 Jun 2026 07:36:00 +0900",중립,"꼬꼬무, 명재현, 노력해서, 아니면, 의미"
은행,"지옥 같은 뱅크런의 결말... 자금 바닥난 Aave, 크라켄에 헐값 매각 대충...","265일(현지 시각) 월가 및 가상자산 투자은행(IB) 업계에 따르면, 크라켄은 에이브의 전체 기업 가치를 약 3억 8,500만 달러(한화 약 5,300억 원)로 평가하고 지분 15%를 인수하기 위한 막바지 협상을 벌이고 있다. 이번 거래가... ",https://www.pinpointnews.co.kr/news/articleView.html?idxno=463209,"Fri, 26 Jun 2026 07:34:00 +0900",중립,"지옥, 같은, 뱅크런의, 결말, 자금"
은행,7월 금리 인상 초읽기… ‘영끌·빚투’ 청구서 날아올라,‘정말 빚투 청구서 날아오나?’ 기준금리 인상 초읽기에 들어간 한국은행이 빚내서 부동산이나 주식을 산 이들이 대출을 제대로 상환하지 못해 금융의 위험 요소가 될 수 있다고 경고했다. 한국은행은 2026년 6월24일... ,https://n.news.naver.com/mnews/article/036/0000053802?sid=101,"Fri, 26 Jun 2026 07:32:00 +0900",부정,"금리, 인상, 초읽기, 영끌, 빚투"
운송,국회의장 특사단 &quot;'미국배 건조'·'러 발주 선박 인도' 길 열어달라&quot;,"25일(현지시간) 연합뉴스에 따르면 특사단은 이날 워싱턴 DC에서 특파원 간담회를 열고 미국 항구 간 운송 화물은 반드시 미국 국적, 미국 건조, 미국 소유 선박을 통해서만 가능하도록 규정한 존스법 우회 가능성을... ",https://www.tfmedia.co.kr/news/article.html?no=205348,"Fri, 26 Jun 2026 07:48:00 +0900",중립,"국회의장, 특사단, 미국배, 건조, 발주"
운송,"[오늘의 증시]美마이크론 16% 급등…코스피, 9000 재돌파할까","서상영 미래에셋증권 연구원은 &quot;MSCI 한국 지수가 ETF는 3.92% 상승한 가운데 MSCI 신흥지수 ETF도 1.06% 상승했다&quot;면서 &quot;필라델피아 반도체지수는 3.59% 상승했으며 러셀2000지수도 0.71%, 다우 운송지수는 1.50% 상승했으나... ",https://n.news.naver.com/mnews/article/003/0014029348?sid=101,"Fri, 26 Jun 2026 07:43:00 +0900",긍정,"오늘의, 증시, 마이크론, 급등, 코스피"
운송,호르무즈 긴장 재고조... 호르무즈 통과 화물선 피격에 철수작전 중단,미국과 이란 간의 종전협상 진전으로 지난 며칠 간 '원활'한 움직임을 보이던 글로벌 에너지 해상운송 전략요충수로 호르무즈 해협에 다시 긴장감이 돌기 시작했다. 오만 연안을 끼고 호르무즈 해협을 지나던 화물선이... ,https://www.getnews.co.kr/news/articleView.html?idxno=873356,"Fri, 26 Jun 2026 07:42:00 +0900",중립,"호르무즈, 긴장, 재고조, 호르무즈, 통과"
운송,"토요타, 해외 생산 추가 감축…중동발 수요 둔화에 10만대 줄인다","호르무즈 해협은 세계 원유 수송의 핵심 항로로, 운송 차질과 유가 상승이 장기화될 경우 자동차 소비 심리에도 부정적인 영향을 줄 수 있다. 토요타의 이러한 움직임은 단기적인 수요 변화에 대응하는 동시에 글로벌... ",http://www.press9.kr/news/articleView.html?idxno=78453,"Fri, 26 Jun 2026 07:42:00 +0900",부정,"토요타, 해외, 생산, 추가, 감축"
운송,"더라미, 5대 1 주식병합 추진…4039만주→807만주",특히 철스크랩 사업은 당진과 목포 야드를 기반으로 해상운송 시스템을 구축해 이목을 끈다. 지난해 관련 사업의 매출은 약 342억 원으로 전체 매출의 약 70%를 차지했다.,http://www.ferrotimes.com/news/articleView.html?idxno=48763,"Fri, 26 Jun 2026 07:36:00 +0900",중립,"더라미, 주식병합, 추진, 만주, 만주"
운송,"근대불교, 우리가 몰랐던 이야기 &lt;12&gt; 근대 조각가 김복진",다만 불상이 서울(사직동)에서 빚어져 기차에 실려 김제까지 운송된 사실만은 분명하다. 식민지 철도가 미륵부처님을 이운했다. 당시 만든 모형은 지금도 계룡산 소림원 법당에 모셔져 있다. 불모의 소임은 멈추지... ,http://www.ibulgyo.com/news/articleView.html?idxno=439592,"Fri, 26 Jun 2026 07:36:00 +0900",중립,"근대불교, 우리가, 몰랐던, 이야기, 근대"
운송,"&quot;아틀라스보다 먼저&quot; BMW 美 공장, 휴머노이드 로봇 피규어 03 본격 투입","이후 해당 트롤리는 정해진 집하 지점으로 이동하고, 자동 견인차나 스마트 운송 로봇이 조립 위치까지 부품을 운반한다. 최종적으로 조립 작업자에게 필요한 부품이 순서에 맞게 제공되는 구조다. BMW 그룹이 이... ",https://www.autodaily.co.kr/news/articleView.html?idxno=545204,"Fri, 26 Jun 2026 07:24:00 +0900",중립,"아틀라스보다, 먼저, 공장, 휴머노이드, 로봇"
운송,"해양진흥공사, 해상 공급망 이슈 다룬 영상 콘텐츠 '오션뷰' 공개",이번 콘텐츠는 수출입 물동량의 대부분을 해상 운송에 의존하는 한국 경제 구조에서 해상 물류 변화가 미치는 영향을 대중에게 설명하기 위해 기획됐다. 해진공은 구독자 약 18만 명을 보유한 경제·시사 콘텐츠... ,https://www.cstimes.com/news/articleView.html?idxno=711176,"Fri, 26 Jun 2026 07:20:00 +0900",중립,"해양진흥공사, 해상, 공급망, 이슈, 다룬"
운송,잇단 사고에 결국…&quot;7월부터 지하철 반입 금지&quot;,"서울교통공사에서 여객 운송 약관을 개정합니다. 리튬 배터리로 구동되는 전동 킥보드, 전기 자전거 등 개인형 이동장치와 용량 160와트시를 초과하는 리튬 배터리를 역사 내 반입을 다음 달부터 금지한다는 내용입니다.... ",https://n.news.naver.com/mnews/article/055/0001367454?sid=102,"Fri, 26 Jun 2026 07:14:00 +0900",중립,"잇단, 사고에, 결국, 월부터, 지하철"
운송,[증시전략] 커지는 '반도체 피크아웃' 우려·中 추격까지…판단은?,"- 美 5월 PCE 가격지수 4.1% 상승…3년여만에 최고 - 근원 PCE 가격지수 전년비 3.4%·전월비 0.3%↑ - 근원 PCE, 지난 3월 3% 돌파 이후 상승폭 확대 - 에너지 가격이 물가 견인…주거비·운송서비스 등 상승 - 고물가에도 소비... ",https://n.news.naver.com/mnews/article/374/0000518351?sid=104,"Fri, 26 Jun 2026 07:09:00 +0900",긍정,"증시전략, 커지는, 반도체, 피크아웃, 우려"
운송,시카고 연은 총재 &quot;가장 큰 고민은 인플레…금리 경로 예단 말라&quot;,"세부적으로는 에너지 가격 급등의 영향으로 상품 물가는 전월 대비 0.4% 상승했고, 운송서비스 가격이 오르면서 서비스 물가도 0.5% 올라 지난 1월 이후 가장 큰 폭의 상승률을 나타냈다. 굴스비 총재는 시장이 오는 9월... ",https://n.news.naver.com/mnews/article/421/0009024731?sid=101,"Fri, 26 Jun 2026 07:05:00 +0900",긍정,"시카고, 연은, 총재, 가장, 고민은"
운송,전동화·AI·PBV 한자리에… 부산모빌리티쇼 막 오른다,기아는 PBV가 단순 운송수단을 넘어 다양한 서비스를 제공하는 플랫폼으로 확장될 수 있다는 점을 강조할 예정이다. 제네시스는 고성능 브랜드 전략을 담은 '마그마 GT 콘셉트'와 모터스포츠 비전을 상징하는 'GMR-001... ,https://www.newscj.com/news/articleView.html?idxno=3412098,"Fri, 26 Jun 2026 07:02:00 +0900",중립,"전동화, 한자리에, 부산모빌리티쇼, 오른다, 기아는"
운송,韓 경제 물류비에 흔들…‘인플레이션’은 이제부터 [전쟁 후유증②],해상운송에 의존한다. 이 때문에 해상운임 상승은 단순히 해운업계의 문제가 아니라 국가 경제 전반의 비용 증가로 연결된다. 가장 먼저 타격을 받는 곳은 수출기업들이다. 대기업들은 장기 운송계약을 통해 일정 부분... ,https://n.news.naver.com/mnews/article/119/0003104933?sid=101,"Fri, 26 Jun 2026 07:02:00 +0900",긍정,"경제, 물류비에, 흔들, 인플레이션, 이제부터"
운송,이란이 미국 파상공세 버틴 비결은 벙커버스터도 못 뚫는 지하 미사일 ...,이란 ‘그림자 선단’의 화물선들은 가오란항에서 중국 민간 화물선으로부터 과염소산나트륨을 넘겨받아 이란 남부에 있는 반다르아바스항 등으로 운송한다. 이곳은 이란 혁명수비대 해군 기지가 위치한 군사·물류... ,https://n.news.naver.com/mnews/article/037/0000038402?sid=104,"Fri, 26 Jun 2026 07:02:00 +0900",중립,"이란이, 미국, 파상공세, 버틴, 비결은"
운송,"[더벨][동북권 신경제 거점 사업 점검] 코레일, 광운대민자역사 재개시...","운송사업이 지닌 높은 공익성 때문이다. 원가율을 담보하기 힘든 상황 속에 전기료, 인건비 등 부담이 맞물리고 있다. 그럼에도 공기업 특성상 운임을 인상하기에는 제한적인 구조다. 일례로 코레일이 간선철도... ",https://www.thebell.co.kr/free/content/ArticleView.asp?key=202606181558396600104727,"Fri, 26 Jun 2026 07:02:00 +0900",중립,"더벨, 동북권, 신경제, 거점, 사업"
운송,&quot;로봇 열어보면 일본산&quot;...일할 사람 없는 日 '피지컬 AI'로 채운다,일본 국토교통성은 지난해 7월 도쿄~오사카 구간 등을 염두에 두고 화물을 무인·자동으로 운송하는 '오토플로 로드'를 공개하며 장거리 물류 자동화 구상을 구체화했다. 트럭 운전자의 고령화와 노동시간 규제 강화로... ,https://n.news.naver.com/mnews/article/008/0005377475?sid=101,"Fri, 26 Jun 2026 07:00:00 +0900",중립,"로봇, 열어보면, 일본산, 일할, 사람"
운송,&quot;카타르 멈추자 日 부품주 떴다&quot;… 이란 전쟁이 쏘아올린 LNG 공급망 재...,"미국과 이란의 평화 합의 이후에도 LNG 운송용 펌프 제조사인 닛키소, 플랜트용 밸브 대기업 키츠, 제어... 보험료와 운송비 증가를 고려할 때 조달처를 다변화하려는 거대한 흐름은 결코 피할 수 없을 것&quot;이라고 전망했다.... ",https://www.g-enews.com/view.php?ud=202606260657183257e7e8286d56_1,"Fri, 26 Jun 2026 07:00:00 +0900",긍정,"카타르, 멈추자, 부품주, 떴다, 이란"
운송,K-푸드 열풍에도 '막걸리'는 못 웃었다…소주와 갈린 수출 성적표,냉장 유통 의존도가 낮아 장거리 운송이 가능하다는 점에서 해외 수출에 유리한 제품으로 평가된다. 다만 업계 관계자들은 막걸리 수출 확대가 개별 업체의 노력만으로 해결하기 어려운 과제라고 입을 모은다. 해외... ,https://n.news.naver.com/mnews/article/119/0003104928?sid=101,"Fri, 26 Jun 2026 07:00:00 +0900",긍정,"푸드, 열풍에도, 막걸리, 웃었다, 소주와"
운송,티웨이-에어프레미아 엇갈린 '희비'…같은 '위기'지만 다른 결과 왜?,"그렇지 않으면 영업 정지나 항공운송사업면허 취소 처분을 받을 수 있다. 이에 에어프레미아는 지난 4월 액면가를 500원에서 100원으로 낮추고 주식 병합을 실시하는 무상감자를 단행, 자본금을 1468억 원에서 163억... ",https://n.news.naver.com/mnews/article/421/0009024729?sid=101,"Fri, 26 Jun 2026 07:00:00 +0900",중립,"티웨이, 에어프레미아, 엇갈린, 희비, 같은"
운송,"&quot;메탄 규제 강행하면 가스 대란&quot;… 美·카타르, EU에 초강경 경고",미국산 천연가스는 수많은 시추 업체가 생산한 가스를 복잡한 파이프라인 네트워크에 섞어 멕시코만 연안의 액화 시설로 운송하는 구조다. 이 거대한 가스망 속에서 특정 가스 분자의 배출 이력을 일일이 추적해... ,https://www.g-enews.com/view.php?ud=202606260652078894e7e8286d56_1,"Fri, 26 Jun 2026 06:54:00 +0900",부정,"메탄, 규제, 강행하면, 가스, 대란"
2차전지,[마켓 프리뷰] 마이크론 실적 훈풍에 '9천피' 재시도…코스닥 '냉랭',"81 장 마감 - 1% 넘게 상승 출발한 코스닥…오후 하락 폭 확대 - 개인·외인 코스닥 순매수…기관 1707억 순매도 - 마이크론 '훈풍'은 코스피에만…코스닥은 '냉골' - 코스닥, 2차전지 등 대형주 상승 폭 제한…지수 하락... ",https://n.news.naver.com/mnews/article/374/0000518353?sid=101,"Fri, 26 Jun 2026 07:33:00 +0900",긍정,"마켓, 프리뷰, 마이크론, 실적, 훈풍에"
2차전지,[THE Biz&amp;CEO] 이계인 포스코인터 대표의 '종합사업회사' 승부수,그는 2023년 10월 기자간담회에서 에너지를 철강·2차전지소재에 이은 그룹 '제3의 성장동력'으로 키우겠다고 밝혔다. 이듬해 3월에는 사장으로 승진해 종합사업회사로의 진화를 본격적으로 이끌기 시작했다.... ,http://www.the-biz.co.kr/news/articleView.html?idxno=723231,"Fri, 26 Jun 2026 07:00:00 +0900",긍정,"이계인, 포스코인터, 대표의, 종합사업회사, 승부수"
2차전지,[Who Is ?] 허윤홍 GS건설 대표이사 사장,허윤홍은 2018년부터 GS건설 신사업추진실장 겸 신사업담당 전무를 맡아 새 먹거리 발굴을 이끌면서 2차전지 재활용시장을 주목해왔다. 그 뒤 GS건설은 2019년 7월 경상북도가 포항 영일만산업단지와... ,https://www.businesspost.co.kr/BP?command=article_view&num=440688,"Fri, 26 Jun 2026 07:00:00 +0900",중립,"허윤홍, 건설, 대표이사, 사장, 허윤홍은"
2차전지,"&quot;반도체 다음은 여기&quot;…증권가, '이 종목들' 콕 찍었다 [분석+]","내러티브(서사) 측면에선 전력 병목을 해결해나가는 과정에서 수혜가 기대되는 2차전지, 자산효과에 따른 실적 개선 가능성이 높은 백화점이 차기 상승 테마 후보로 꼽혔다. SK하이닉스의 시가총액이 잠시나마... ",https://n.news.naver.com/mnews/article/015/0005303034?sid=101,"Fri, 26 Jun 2026 06:31:00 +0900",긍정,"반도체, 다음은, 여기, 증권가, 종목들"
2차전지,"[단독] 삼성, 10년간 1000조 투자","삼성이 제시할 1000조원대 투자 계획은 향후 10여 년간 반도체, 인공지능(AI) 데이터센터, 2차전지, 디스플레이 등 주요 사업부문별 투자 계획을 합친 청사진이다. 반도체·AI 데이터센터·2차전지, 韓GDP 절반 … 역대 최대... ",https://n.news.naver.com/mnews/article/009/0005699002?sid=101,"Fri, 26 Jun 2026 03:01:00 +0900",긍정,"단독, 삼성, 년간, 투자, 삼성이"
2차전지,[신(新)인물탐구(42)] 롯데그룹 신동빈 회장⑦ 리스크 관리 - 위기보다 ...,"신동빈 회장은 2025년 11월 3일 일본 도쿄에서 열린 ‘재팬모빌리티쇼 2025’를 방문해 2차전지 소재, 수소 사업, 자율주행 등 그룹이 추진하고 있는 모빌리티 사업을 점검했으며, 롯데관을 찾아 자율주행 기술에 관한 설명을... ",https://www.news2day.co.kr/article/20260625500132,"Fri, 26 Jun 2026 00:32:00 +0900",중립,"인물탐구, 롯데그룹, 신동빈, 회장, 리스크"
2차전지,“웬디스 구하라” 한마디에 26% 폭등…밈주식 광풍,"한국에서는 2023년 2차전지 소재 기업 에코프로가 비슷한 사례로 꼽힌다. 당시 개인투자자들은 ‘공매도와의 전쟁’을 앞세우며 주식을 집중 매수했고, 주가는 단기간에 10배 넘게 뛰었다. 최근엔 삼성전자·SK하이닉스... ",https://n.news.naver.com/mnews/article/025/0003533259?sid=101,"Fri, 26 Jun 2026 00:01:00 +0900",중립,"웬디스, 구하라, 한마디에, 폭등, 밈주식"
2차전지,"여수광양항만공사, 세풍항만배후단지 입주기업 모집","특히 세풍배후단지는 2차전지 기회발전특구로 지정되어 있으며 바로 인근에 포스코퓨처엠, 포스코필바라리튬솔류션 등 2차전지 기업이 있어 원료·소재 조달부터 생산까지 이어지는 전후방 연계 효과를 기대할 수... ",https://www.klnews.co.kr/news/articleView.html?idxno=321647,"Fri, 26 Jun 2026 00:00:00 +0900",긍정,"여수광양항만공사, 세풍항만배후단지, 입주기업, 모집, 특히"
2차전지,"&quot;앵커 기업 발전 이익, 중부권 전체 향유 체계 만들어야&quot;","산업계 관계자는 중부권 2차 전지 발전을 위해 지역에 수요를 만들어야 한다고 했다. 김남호 엘지에너지솔루션 상무는 &quot;과거 쌍용자동차 평택공장, 르노 자동차 부산공장, GM의 부평공장, 그리고 군산공장이 한국을... ",https://www.goodmorningcc.com/news/articleView.html?idxno=448060,"Thu, 25 Jun 2026 23:04:00 +0900",중립,"앵커, 기업, 발전, 이익, 중부권"
2차전지,"최윤범 고려아연 회장, 호주 총리와 회동…&quot;핵심광물 공급망·그린수소...","고려아연은 1996년 SMC 설립을 시작으로 호주 시장에 진출한 이래 현지 제련 인프라를 기반으로 2차전지 소재, 자원순환, 신재생에너지 사업 등을 아우르는 신성장 동력 '트로이카 드라이브(Troika Drive)'의 핵심 거점으로... ",http://www.srtimes.kr/news/articleView.html?idxno=206113,"Thu, 25 Jun 2026 21:44:00 +0900",긍정,"최윤범, 고려아연, 회장, 호주, 총리와"
2차전지,[당선인 릴레이 인터뷰] 이장섭 청주시장 당선인,"현재 청주는 AI 시대의 개막, 반도체 슈퍼사이클, 2차전지와 바이오 등 첨단산업 포트폴리오와 오송역·청주국제공항이라는 천혜의 지정학적 요건을 모두 갖추고 있다. 유사 이래 가장 강력한 성장동력을 발휘할 절호의... ",https://www.ccdailynews.com/news/articleView.html?idxno=2424326,"Thu, 25 Jun 2026 21:40:00 +0900",긍정,"당선인, 릴레이, 인터뷰, 이장섭, 청주시장"
2차전지,신문선 &quot;남아공전 예견된 참사…손흥민을 빼? 모멸감 줬을 것&quot;[한판승부...,"그런데 1, 2차전에 했던 베스트 멤버에서 무려 지금 한국 대표팀의 베스트 11 세 선수로 바꿔요. 근데 충격은... 미국에서 전지훈련 때 나타났던 현상 때 제가 제발 공부해라. ◇ 박재홍&gt; 그러면 전지훈련 가서 뭐 하나요? 그... ",https://n.news.naver.com/mnews/article/079/0004161928?sid=104,"Thu, 25 Jun 2026 20:55:00 +0900",중립,"신문선, 남아공전, 예견된, 참사, 손흥민을"
2차전지,"사람 '눈치'보는 로봇, 아직 멀었다고?","사실 지금 교수님도 특정 2차 전지 회사에 최근에 관여가 돼 있지만, 기대와 시장과 제도가 돼야 되잖아요. 늘 이런 어려운 질문은 박영선 장관님께 드립니다. ★ 박영선 : 생각해 보면 100년 전에 자동차가 처음 등장했을... ",https://n.news.naver.com/mnews/article/052/0002371135?sid=102,"Thu, 25 Jun 2026 20:34:00 +0900",긍정,"사람, 눈치, 보는, 로봇, 아직"
2차전지,충북도는 2차 공공기관 유치에 집중해라,"［충북일보］ 정부의 2차 공공기관 지방 이전 계획에 따라 전국 지자체들이 유치 작업에 나서고 있다. 정부는... 반도체, 이차전지, 로봇, 인공지능(AI) 등은 국가 전략산업이다. 이런 산업과 연계된 기관이 어디에 자리... ",http://www.inews365.com/news/article.html?no=924977,"Thu, 25 Jun 2026 19:54:00 +0900",중립,"충북도는, 공공기관, 유치에, 집중해라, 충북일보"
2차전지,"최윤범 회장, 호주 총리와 공급망·제련산업 경쟁력 논의","고려아연 역시 1996년 SMC 설립 이후 호주를 핵심 사업 거점으로 육성해 왔으며, 최근에는 신재생에너지와 그린수소, 2차전지 소재, 자원순환 사업 등을 포함한 미래 성장 전략을 확대하고 있다.",https://www.pointdaily.co.kr/news/articleView.html?idxno=309699,"Thu, 25 Jun 2026 19:42:00 +0900",긍정,"최윤범, 회장, 호주, 총리와, 공급망"
2차전지,"[주식마감] 신재생에너지 관련주 'SK이터닉스' 상한가,... 금호전기, 삼...","KODEX 2차전지산업레버리지, TIGER 삼성전자단일종목레버리지, KODEX 코스닥150레버리지, SOL AI반도체TOP2플러스, KODEX 코스닥150선물인버스, 삼성전자, 보해양조, TIGER 미국S&amp;P500, 다스코, KODEX 미국S&amp;P500, SK네트웍스, KODEX... ",https://www.ggilbo.com/news/articleView.html?idxno=1165861,"Thu, 25 Jun 2026 19:40:00 +0900",중립,"주식마감, 신재생에너지, 관련주, 이터닉스, 상한가"
2차전지,“웬디스를 구하라” 한마디에 26% 폭등…美개미 ‘밈주식’ 광풍,"한국에서는 2023년 2차전지 소재 기업 에코프로가 비슷한 사례로 꼽힌다. 당시 개인투자자들은 ‘공매도와의 전쟁’을 앞세우며 주식을 집중 매수했고, 주가는 단기간에 10배 넘게 뛰었다. 최근엔 삼성전자·SK하이닉스... ",https://n.news.naver.com/mnews/article/025/0003533223?sid=101,"Thu, 25 Jun 2026 19:20:00 +0900",중립,"웬디스를, 구하라, 한마디에, 폭등, 개미"
2차전지,충북경제포럼 월례강연회 개최… 경제 패러다임 변화 대응 강조,"이재진 회장은 &quot;충북은 반도체, 2차전지, 바이오산업 등 미래산업 중심지로 성장하고 있다&quot;며 &quot;지자체와 경제계가 힘을 모아 충북 경제 도약의 기반을 마련해야 한다&quot;고 말했다. 송대근 한국은행 충북본부장은 &quot;미·중... ",https://www.ccdn.co.kr/news/articleView.html?idxno=1085185,"Thu, 25 Jun 2026 18:46:00 +0900",긍정,"충북경제포럼, 월례강연회, 개최, 경제, 패러다임"
2차전지,광양항 세풍항만배후단지 입주기업 모집,"이 배후단지는 2차전지 기회발전특구로 지정돼 있다. 인근에는 포스코퓨처엠, 포스코필바라리튬솔루션 등 2차전지 기업이 자리하고 있어 원료·소재 조달부터 생산까지 전후방 산업 연계가 가능하다. 또한 광양항... ",https://www.ksg.co.kr/news/main_newsView.jsp?pNum=147484,"Thu, 25 Jun 2026 18:22:00 +0900",중립,"광양항, 세풍항만배후단지, 입주기업, 모집, 배후단지는"
2차전지,"최윤범 고려아연 회장, 앨버니지 호주 총리 만나 핵심광물 공급망 강화...","이 사업은 2차전지 소재, 자원순환 사업 등과 함께 최윤범 회장이 지난 2022년 선언한 고려아연의 신성장 전략 '트로이카 드라이브(Troika Drive)'의 한 축으로 자리 잡고 있다.",https://sports.hankooki.com/news/articleView.html?idxno=6935447,"Thu, 25 Jun 2026 18:14:00 +0900",긍정,"최윤범, 고려아연, 회장, 앨버니지, 호주"
증권,"[머니픽] 한화생명, 동남아 금융사업 '박차'…베트남·인니 성장축으로...",한화생명은 보험을 바탕으로 은행·증권업으로 확장한 현지화 전략이 성과로 이어지며 해외 사업의... 특히 한화생명의 미국 증권법인 벨로시티 클리어링(Velocity Clearing)은 1분기 순이익이 306억원으로 해외 법인... ,http://www.hansbiz.co.kr/news/articleView.html?idxno=846404,"Fri, 26 Jun 2026 07:48:00 +0900",긍정,"머니픽, 한화생명, 동남아, 금융사업, 박차"
증권,"SK하이닉스, 일단 목표가 360만원 상향...아직 끝 아냐-하나",하나증권이 26일 SK하이닉스(000660)에 대해 투자의견 매수(BUY)를 유지하면서 목표주가를 기존 275만원에서... 김록호 하나증권 연구원은 “실적 및 멀티플 상향 가능성이 상존하는 구간에서는 비중확대 전략이... ,https://n.news.naver.com/mnews/article/018/0006315212?sid=101,"Fri, 26 Jun 2026 07:46:00 +0900",긍정,"하이닉스, 일단, 목표가, 만원, 상향"
증권,"KB &quot;LG이노텍, 광학 넘어 AI 반도체 기판으로…반도체주 동조화 기대&quot;",이투데이=박정호 기자 | KB증권은 26일 LG이노텍에 대해 2분기 연속 실적 서프라이즈와 인공지능(AI)... 김동원 KB증권 연구원은 &quot;LG이노텍 2분기 영업이익은 2028억원으로 전년 동기 대비 1680.2% 증가할 것으로... ,https://www.etoday.co.kr/news/view/2597435,"Fri, 26 Jun 2026 07:46:00 +0900",긍정,"이노텍, 광학, 넘어, 반도체, 기판으로"
증권,"LG이노텍, 실적 서프라이즈 시작된다…200만원 전망-KB",KB증권은 26일 LG이노텍(011070)에 대해 2개 분기 연속 실적 서프라이즈가 기대된다며 투자의견 ‘매수(Buy)’와 목표주가 200만원을 유지했다. 김동원 KB증권 리서치본부장은 이날 보고서에서 “현재 인공지능(AI)... ,https://n.news.naver.com/mnews/article/018/0006315211?sid=101,"Fri, 26 Jun 2026 07:45:00 +0900",긍정,"이노텍, 실적, 서프라이즈, 시작된다, 만원"
증권,&quot;1조달러 아니면 안 해&quot; 오픈AI IPO 내년으로 연기 검토,"오픈AI는 이달 미국 증권 당국에 IPO를 위한 비공개 서류를 제출했지만, 구체적인 상장 시점은 제시하지 않았다. 회사 내부에서는 재무구조와 현금흐름을 고려할 때 IPO를 추진하기에는 이르다는 우려도 나온 것으로... ",https://n.news.naver.com/mnews/article/018/0006315210?sid=101,"Fri, 26 Jun 2026 07:45:00 +0900",부정,"조달러, 아니면, 오픈, 내년으로, 연기"
증권,"[오늘의 투자전략] 코스피, 급반등 후 차익실현 압력 전망⋯반도체 쏠림...","26일 한지영 키움증권 연구원은 “금일에는 미국 증시 혼조세 여파, 직전일 급등에 대한 단기 차익실현... 소매·유통은 2.7%, 증권은 1.9% 오르는 데 그쳤고 기계는 3.1% 하락하는 등 기존 주도업종의 회복력도... ",https://www.etoday.co.kr/news/view/2597434,"Fri, 26 Jun 2026 07:44:00 +0900",중립,"오늘의, 투자전략, 코스피, 급반등, 차익실현"
증권,'26.5월중 외국인 상장주식 △47조 190억원을 순매도-금감원,"금융감독원이 26일 발표한 2026년 5월 외국인 증권투자 동향에 따르면 '26.5월중 외국인은 상장주식 △47조 190억원을 순매도하고, 상장채권 8조 7910억원을 순투자, 총 38조 2280억원 순회수했다. 유가증권시장... ",http://www.intn.co.kr/news/articleView.html?idxno=2051530,"Fri, 26 Jun 2026 07:44:00 +0900",중립,"월중, 외국인, 상장주식, 억원을, 순매도"
증권,"[키-리포트] NH &quot;GS건설, 원전·중동 수주 기대감&quot;",NH투자증권은 26일 GS건설이 참여한 팀코리아 원전 사업과 중동向 수주 기대감이 하반기 기업 가치를... 이은상 NH투자증권 연구원은 이러한 분석과 함께 &quot;영업가치 산정 기준 시점을 내년으로 변경하고 당초 예상보다... ,http://www.newsdream.kr/news/articleView.html?idxno=113628,"Fri, 26 Jun 2026 07:44:00 +0900",긍정,"리포트, 건설, 원전, 중동, 수주"
증권,기술주 약세에 뉴욕증시 혼조…나스닥 0.5%↓,25일(현지시간) 뉴욕증권거래소에서 다우존스30산업평균지수는 전 거래일 대비 71.72포인트(0.14%) 상승한 5만1920.62에 거래를 마감했다. 스탠더드앤드푸어스(S&amp;P)500지수는 전 거래일보다 0.73포인트(0.01%) 내린 7357.49에... ,http://www.smedaily.co.kr/news/articleView.html?idxno=359329,"Fri, 26 Jun 2026 07:44:00 +0900",긍정,"기술주, 약세에, 뉴욕증시, 혼조, 나스닥"
증권,"[오늘의 증시]美마이크론 16% 급등…코스피, 9000 재돌파할까","서상영 미래에셋증권 연구원은 &quot;MSCI 한국 지수가 ETF는 3.92% 상승한 가운데 MSCI 신흥지수 ETF도 1.06% 상승했다&quot;면서 &quot;필라델피아 반도체지수는 3.59% 상승했으며 러셀2000지수도 0.71%, 다우 운송지수는 1.50% 상승했으나... ",https://n.news.naver.com/mnews/article/003/0014029348?sid=101,"Fri, 26 Jun 2026 07:43:00 +0900",긍정,"오늘의, 증시, 마이크론, 급등, 코스피"
증권,외국인 5월에만 한국주식 47조 순매도,"유가증권시장에서 49조410억원을 순매도한 반면, 코스닥시장에서 2조220억원을 순매수했습니다. 올해 들어 지난달까지 누적 순매도 규모는 114조2천240억원으로, 지난해 연간 순매도액의 10배를 웃돌았습니다. 이처럼... ",http://tbs.seoul.kr/news/newsView.do?typ_800=1&idx_800=3537040&seq_800=20529921,"Fri, 26 Jun 2026 07:43:00 +0900",중립,"외국인, 월에만, 한국주식, 순매도, 유가증권시장에서"
증권,외국인 5월 韓주식 47조원 순매도...주가 상승에 지분율은 사상 최고,금융감독원이 발표한 '2026년 5월 외국인 증권투자 동향'에 따르면 외국인은 지난달 국내 상장주식을 47조190억 원 순매도했습니다. 유가증권시장에서는 49조410억 원을 순매도한 반면 코스닥시장에서는 2조220억 원을... ,https://www.tjb.co.kr/news05/bodo/view/id/100023,"Fri, 26 Jun 2026 07:42:00 +0900",긍정,"외국인, 주식, 조원, 순매도, 주가"
증권,"“집단 식중독이라도 걸렸나” “90분 동안 뭘 본 건가”, 충격의 한국...","삼성전자와 SK하이닉스도 2분기 영업이익이 각각 87조 원과 63조 원, 올해 630조 원에 이를 거라는 게 증권사... 김학균(신영증권 리서치센터장)은 “이번 호황이 유발하는 자산 가격 상승은 1980년대보다 훨씬 장기화되고... ",https://slownews.kr/162232,"Fri, 26 Jun 2026 07:40:00 +0900",긍정,"집단, 식중독이라도, 걸렸나, 동안, 건가"
증권,"[심층분석] 삼성물산, 제2의 SK스퀘어 등극… 삼성전자 폭등에 반사이익...","25일 유가증권시장에 따르면, 삼성물산은 오후 1시 30분 기준 전 거래일 대비 10.28% 상승한 53만 1000원에... 이에 증권가에서는 삼성전자 지분과 자체 사업 경쟁력을 고려할 때 삼성물산 주가의 추가 상승 여력이 충분히... ",https://www.mediawatch.kr/news/article.html?no=260194,"Fri, 26 Jun 2026 07:40:00 +0900",긍정,"심층분석, 삼성물산, 스퀘어, 등극, 삼성전자"
증권,"대우건설, 수주 지연에 따른 EBITDA 추정치 조정…목표가↓-NH",NH투자증권이 대우건설(047040)에 대해 투자의견 ‘매수’를 유지하되 목표주가는 기존 5만원에서 3만 6000원으로 하향 조정한다고 26일 밝혔다. 이은상 NH투자증권 연구원은 “팀코리아 원전 시공 파트너로서의 지위가... ,https://n.news.naver.com/mnews/article/018/0006315208?sid=101,"Fri, 26 Jun 2026 07:40:00 +0900",부정,"대우건설, 수주, 지연에, 따른, 추정치"
증권,하나증권 &quot;태양광 연계 ESS 설치 5개월 연속 증가…LG엔솔·삼성SDI 수혜...,이투데이=김우람 기자 | 하나증권은 26일 글로벌 에너지저장장치(ESS) 시장에서 태양광 연계 설치가... 이날 하나증권 '5월 ESS Battery: 태양광 연계 설치 증가' 보고서에 따르면 5월 글로벌 ESS 신규 설치량은 19.... ,https://www.etoday.co.kr/news/view/2597433,"Fri, 26 Jun 2026 07:38:00 +0900",긍정,"하나증권, 태양광, 연계, 설치, 개월"
증권,마이크론 '깜짝 실적'에도 빅테크 비용 비상…나스닥 0.46% '털썩',25일(현지 시각) 뉴욕증권거래소(NYSE)에서 다우존스30산업평균지수는 전날보다 0.14% 오른 5만1920.62에... 25일(현지 시각) 뉴욕증권거래소(NYSE)에서 다우존스30산업평균지수는 전날보다 0.14% 오른 5만1920.62에 거래를... ,https://www.ziksir.com/news/articleView.html?idxno=138084,"Fri, 26 Jun 2026 07:38:00 +0900",긍정,"마이크론, 깜짝, 실적, 에도, 빅테크"
증권,"키움증권 &quot;스맥, 성장 핵심은 반도체…올해 상저하고 실적 전망&quot;","이투데이=유한새 기자 | 키움증권은 26일 스맥에 대해 성장의 핵심은 반도체 부문이라며, 반도체 부문이... 키움증권에 따르면 스맥의 매출 비중은 공장기계 중심의 기계사업부가 절대적이다. 올 1분기 매출 기준... ",https://www.etoday.co.kr/news/view/2597432,"Fri, 26 Jun 2026 07:38:00 +0900",긍정,"키움증권, 스맥, 성장, 핵심은, 반도체"
증권,"뉴욕증시, AI 메모리값 급등에 빅테크 ‘흔들’…나스닥 0.5%↓",뉴욕증권거래소(NYSE) 트레이더들. 로이터연합뉴스 25일(현지시간) 뉴욕증시에서 다우존스30 산업평균지수는 전 거래일보다 71.72포인트(0.14%) 오른 5만1920.62에 마감했다. 반면 스탠더드앤드푸어스(S&amp;P)500지수는 0.... ,https://n.news.naver.com/mnews/article/022/0004138372?sid=101,"Fri, 26 Jun 2026 07:37:00 +0900",긍정,"뉴욕증시, 메모리값, 급등에, 빅테크, 흔들"
증권,[시사금융용어] 포괄적 주식교환,오는 7월 주식교환을 마치면 신세계푸드는 유가증권시장에서 상장폐지되고 이마트의 비상장 100% 자회사로 전환된다. 마찬가지로 우리금융지주도 동양생명을 완전 자회사로 만들기 위한 포괄적 주식교환 작업을 진행... ,https://news.einfomax.co.kr/news/articleView.html?idxno=4421948,"Fri, 26 Jun 2026 07:36:00 +0900",중립,"시사금융용어, 포괄적, 주식교환, 오는, 주식교환을"
